Price,Adj Close,Close,High,Low,Open,Volume
Ticker,MSUMI.NS,MSUMI.NS,MSUMI.NS,MSUMI.NS,MSUMI.NS,MSUMI.NS
Date,,,,,,
2022-10-25,39.575992584228516,41.095237731933594,41.5476188659668,40.80952453613281,41.07142639160156,1533494
2022-10-27,39.55305862426758,41.07142639160156,41.47618865966797,40.71428680419922,41.30952453613281,4227099
2022-10-28,38.681739807128906,40.166664123535156,41.761905670166016,38.523807525634766,41.07142639160156,3864614
2022-10-31,40.126285552978516,41.666664123535156,42.57142639160156,40.261905670166016,40.4523811340332,11574574
2022-11-01,37.90214920043945,39.35714340209961,40.78571319580078,39.0,40.19047546386719,14014838
2022-11-02,37.78750228881836,39.238094329833984,39.738094329833984,38.904762268066406,39.380950927734375,3292163
2022-11-03,37.26012420654297,38.69047546386719,39.42856979370117,38.261905670166016,39.0476188659668,7479220
2022-11-04,37.145477294921875,38.57142639160156,38.9523811340332,38.380950927734375,38.69047546386719,8257979
2022-11-07,37.925071716308594,39.380950927734375,39.85714340209961,38.880950927734375,39.0476188659668,3925296
2022-11-09,38.062652587890625,39.523807525634766,40.0476188659668,39.095237731933594,40.0,3922611
2022-11-10,37.879215240478516,39.33333206176758,39.61904525756836,38.738094329833984,39.523807525634766,2494301
2022-11-11,38.0855827331543,39.5476188659668,40.11904525756836,39.35714340209961,39.97618865966797,3245390
2022-11-14,38.03972244262695,39.5,40.0476188659668,39.0476188659668,39.880950927734375,3820255
2022-11-15,38.062652587890625,39.523807525634766,39.78571319580078,32.42856979370117,39.78571319580078,5723186
2022-11-16,38.93855667114258,40.43333435058594,47.43333435058594,40.099998474121094,43.33333206176758,14143868
2022-11-17,38.842247009277344,40.33333206176758,41.0,39.86666488647461,40.633331298828125,2405309
2022-11-18,37.911319732666016,39.36666488647461,40.53333282470703,38.900001525878906,40.53333282470703,2559228
2022-11-21,37.20509719848633,38.633331298828125,39.53333282470703,38.33333206176758,39.53333282470703,4210775
2022-11-22,37.23719787597656,38.666664123535156,38.79999923706055,38.266666412353516,38.666664123535156,1386850
2022-11-23,36.98039245605469,38.400001525878906,38.900001525878906,38.06666564941406,38.83333206176758,2025665
2022-11-24,37.23719787597656,38.666664123535156,39.0,38.36666488647461,38.633331298828125,1750156
2022-11-25,36.62727737426758,38.03333282470703,38.93333435058594,37.93333435058594,38.83333206176758,1918634
2022-11-28,38.36073684692383,39.83333206176758,40.06666564941406,38.03333282470703,38.133331298828125,6092457
2022-11-29,38.553340911865234,40.03333282470703,40.43333435058594,39.766666412353516,39.83333206176758,6848467
2022-11-30,39.452171325683594,40.96666717529297,41.53333282470703,39.79999923706055,40.03333282470703,8233966
2022-12-01,38.553340911865234,40.03333282470703,41.133331298828125,40.0,41.133331298828125,3511167
2022-12-02,38.64963912963867,40.133331298828125,40.266666412353516,39.36666488647461,40.0,2698366
2022-12-05,39.034854888916016,40.53333282470703,40.666664123535156,39.93333435058594,40.33333206176758,2173218
2022-12-06,38.842247009277344,40.33333206176758,40.666664123535156,40.06666564941406,40.53333282470703,3508505
2022-12-07,38.553340911865234,40.03333282470703,40.43333435058594,39.86666488647461,40.33333206176758,1790131
2022-12-08,38.553340911865234,40.03333282470703,40.266666412353516,39.79999923706055,40.233333587646484,1202132
2022-12-09,38.553340911865234,40.03333282470703,40.233333587646484,39.733333587646484,40.06666564941406,1609780
2022-12-12,38.00762176513672,39.46666717529297,40.29999923706055,39.266666412353516,40.133331298828125,4178169
2022-12-13,39.13115310668945,40.633331298828125,41.099998474121094,39.56666564941406,39.70000076293945,4320161
2022-12-14,39.997886657714844,41.53333282470703,42.266666412353516,40.70000076293945,40.900001525878906,7786019
2022-12-15,39.034854888916016,40.53333282470703,41.900001525878906,40.33333206176758,41.36666488647461,1853553
2022-12-16,37.81501770019531,39.266666412353516,40.400001525878906,38.86666488647461,40.06666564941406,2864136
2022-12-19,37.52610778808594,38.96666717529297,39.599998474121094,38.633331298828125,39.599998474121094,5531641
2022-12-20,37.55820846557617,39.0,39.20000076293945,38.400001525878906,39.0,3866600
2022-12-21,37.10879135131836,38.53333282470703,39.56666564941406,38.33333206176758,39.099998474121094,1948682
2022-12-22,36.85198211669922,38.266666412353516,38.83333206176758,37.46666717529297,38.666664123535156,2435859
2022-12-23,35.888954162597656,37.266666412353516,37.96666717529297,36.20000076293945,37.96666717529297,14832618
2022-12-26,36.65937805175781,38.06666564941406,39.33333206176758,36.53333282470703,37.266666412353516,3082821
2022-12-27,37.911319732666016,39.36666488647461,39.79999923706055,38.20000076293945,38.400001525878906,2093963
2022-12-28,37.172996520996094,38.599998474121094,39.5,38.46666717529297,39.43333435058594,3616049
2022-12-29,37.14089584350586,38.56666564941406,38.79999923706055,38.166664123535156,38.33333206176758,3536364
2022-12-30,37.42980194091797,38.86666488647461,39.266666412353516,38.666664123535156,39.0,1602372
2023-01-02,37.333499908447266,38.766666412353516,39.166664123535156,38.56666564941406,38.900001525878906,1589575
2023-01-03,36.91618728637695,38.33333206176758,39.166664123535156,38.233333587646484,38.83333206176758,5934425
2023-01-04,36.37046813964844,37.766666412353516,38.53333282470703,37.666664123535156,38.5,2244573
2023-01-05,36.40256881713867,37.79999923706055,38.0,37.36666488647461,37.900001525878906,1684149
2023-01-06,35.37533950805664,36.733333587646484,38.03333282470703,36.46666717529297,37.666664123535156,3719971
2023-01-09,35.69635009765625,37.06666564941406,37.400001525878906,36.633331298828125,37.133331298828125,6615801
2023-01-10,35.37533950805664,36.733333587646484,37.266666412353516,36.633331298828125,36.96666717529297,1505761
2023-01-11,34.60491180419922,35.93333435058594,36.93333435058594,35.666664123535156,36.900001525878906,4741646
2023-01-12,33.706085205078125,35.0,36.233333587646484,34.766666412353516,36.133331298828125,8548988
2023-01-13,33.38507080078125,34.666664123535156,35.20000076293945,33.166664123535156,35.20000076293945,27757957
2023-01-16,33.48137664794922,34.766666412353516,35.20000076293945,34.53333282470703,34.93333435058594,4558520
2023-01-17,33.38507080078125,34.666664123535156,35.099998474121094,34.43333435058594,34.633331298828125,5684675
2023-01-18,33.38507080078125,34.666664123535156,34.900001525878906,34.53333282470703,34.70000076293945,12329919
2023-01-19,33.031959533691406,34.29999923706055,34.666664123535156,34.099998474121094,34.56666564941406,1863280
2023-01-20,32.87145233154297,34.133331298828125,34.599998474121094,33.86666488647461,34.46666717529297,1772778
2023-01-23,32.8072509765625,34.06666564941406,34.53333282470703,33.36666488647461,34.33333206176758,3995138
2023-01-24,32.518348693847656,33.766666412353516,34.099998474121094,33.53333282470703,34.06666564941406,9259730
2023-01-25,32.646751403808594,33.900001525878906,34.133331298828125,33.266666412353516,33.766666412353516,4950265
2023-01-27,32.87145233154297,34.133331298828125,34.56666564941406,32.46666717529297,34.0,13369269
2023-01-30,32.8072509765625,34.06666564941406,34.53333282470703,33.43333435058594,34.06666564941406,5596489
2023-01-31,33.031959533691406,34.29999923706055,34.5,33.599998474121094,34.29999923706055,5378308
2023-02-01,33.06406021118164,34.33333206176758,36.099998474121094,33.93333435058594,34.5,9205134
2023-02-02,33.32087326049805,34.599998474121094,35.233333587646484,34.099998474121094,34.33333206176758,4545543
2023-02-03,33.60978317260742,34.900001525878906,35.133331298828125,34.03333282470703,34.766666412353516,2188733
2023-02-06,34.02709197998047,35.33333206176758,35.79999923706055,34.83333206176758,35.099998474121094,3143141
2023-02-07,32.9677619934082,34.233333587646484,35.599998474121094,33.733333587646484,35.33333206176758,6871043
2023-02-08,34.44440841674805,35.766666412353516,35.96666717529297,33.56666564941406,34.0,4254613
2023-02-09,33.67398452758789,34.96666717529297,35.93333435058594,34.766666412353516,35.766666412353516,3613439
2023-02-10,34.47650909423828,35.79999923706055,36.0,34.900001525878906,35.20000076293945,2902237
2023-02-13,33.641883850097656,34.93333435058594,35.900001525878906,34.33333206176758,35.79999923706055,4261101
2023-02-14,33.449275970458984,34.733333587646484,35.96666717529297,34.53333282470703,35.133331298828125,2566347
2023-02-15,33.19247055053711,34.46666717529297,34.733333587646484,34.133331298828125,34.56666564941406,2017611
2023-02-16,32.45414352416992,33.70000076293945,35.599998474121094,33.36666488647461,35.36666488647461,11343128
2023-02-17,32.614646911621094,33.86666488647461,34.0,33.20000076293945,33.766666412353516,6812525
2023-02-20,32.9035530090332,34.166664123535156,34.43333435058594,33.666664123535156,33.900001525878906,4514082
2023-02-21,32.325740814208984,33.56666564941406,34.29999923706055,33.43333435058594,34.166664123535156,4890223
2023-02-22,32.004730224609375,33.233333587646484,33.56666564941406,32.900001525878906,33.56666564941406,3188875
2023-02-23,32.068931579589844,33.29999923706055,33.43333435058594,32.900001525878906,33.233333587646484,4875451
2023-02-24,32.004730224609375,33.233333587646484,33.733333587646484,32.79999923706055,33.46666717529297,4816196
2023-02-27,31.812122344970703,33.03333282470703,33.400001525878906,32.733333587646484,33.233333587646484,1594155
2023-02-28,31.78002166748047,33.0,33.666664123535156,32.70000076293945,33.03333282470703,7397534
2023-03-01,32.29364013671875,33.53333282470703,33.733333587646484,32.93333435058594,33.06666564941406,1450955
2023-03-02,32.26153564453125,33.5,33.599998474121094,33.29999923706055,33.56666564941406,1209803
2023-03-03,31.90842628479004,33.133331298828125,33.666664123535156,33.0,33.633331298828125,4980364
2023-03-06,32.03683090209961,33.266666412353516,33.43333435058594,33.0,33.29999923706055,2857448
2023-03-08,32.13313293457031,33.36666488647461,33.53333282470703,32.96666717529297,33.43333435058594,1653279
2023-03-09,31.426908493041992,32.633331298828125,33.43333435058594,32.56666564941406,33.43333435058594,4313214
2023-03-10,31.523216247558594,32.733333587646484,33.099998474121094,32.266666412353516,32.266666412353516,4073280
2023-03-13,30.399675369262695,31.566665649414062,32.56666564941406,31.200000762939453,32.5,8831544
2023-03-14,30.303373336791992,31.466665267944336,31.966665267944336,31.03333282470703,31.5,2452305
2023-03-15,30.720685958862305,31.899999618530273,32.0,31.5,31.566665649414062,2032145
2023-03-16,29.886058807373047,31.03333282470703,32.0,30.66666603088379,31.466665267944336,8369979
2023-03-17,29.69345474243164,30.833332061767578,31.700000762939453,30.66666603088379,31.233333587646484,1851308
2023-03-20,29.886058807373047,31.03333282470703,31.366666793823242,30.100000381469727,30.833332061767578,5599531
2023-03-21,30.20707130432129,31.366666793823242,31.66666603088379,30.566665649414062,31.200000762939453,2883474
2023-03-22,30.463878631591797,31.633333206176758,31.833332061767578,31.066665649414062,31.53333282470703,1822141
2023-03-23,30.6243839263916,31.799999237060547,32.133331298828125,31.066665649414062,31.333332061767578,4431760
2023-03-24,30.59228515625,31.766666412353516,32.099998474121094,31.399999618530273,31.66666603088379,1576494
2023-03-27,30.367578506469727,31.53333282470703,31.799999237060547,31.0,31.799999237060547,1468160
2023-03-28,30.046567916870117,31.200000762939453,31.566665649414062,30.933332443237305,31.366666793823242,1678092
2023-03-29,30.399675369262695,31.566665649414062,31.700000762939453,30.66666603088379,31.16666603088379,4175334
2023-03-31,30.977493286132812,32.166664123535156,32.599998474121094,31.466665267944336,31.733333587646484,5019901
2023-04-03,32.004730224609375,33.233333587646484,34.0,31.866666793823242,32.43333435058594,1730872
2023-04-05,31.87632179260254,33.099998474121094,33.633331298828125,32.93333435058594,33.633331298828125,3002334
2023-04-06,32.7751579284668,34.03333282470703,34.166664123535156,32.733333587646484,33.06666564941406,5866288
2023-04-10,32.068931579589844,33.29999923706055,34.06666564941406,33.099998474121094,34.06666564941406,7109885
2023-04-11,32.518348693847656,33.766666412353516,33.93333435058594,33.0,33.33333206176758,7772655
2023-04-12,32.67885208129883,33.93333435058594,34.36666488647461,33.53333282470703,33.79999923706055,6705864
2023-04-13,32.55044937133789,33.79999923706055,34.33333206176758,33.20000076293945,34.0,7577863
2023-04-17,32.614646911621094,33.86666488647461,34.233333587646484,33.03333282470703,33.79999923706055,3502919
2023-04-18,32.10103225708008,33.33333206176758,34.03333282470703,33.266666412353516,33.93333435058594,3746427
2023-04-19,32.068931579589844,33.29999923706055,33.766666412353516,33.20000076293945,33.400001525878906,2685517
2023-04-20,32.19733810424805,33.43333435058594,33.766666412353516,33.0,33.166664123535156,2367414
2023-04-21,32.38993835449219,33.633331298828125,33.900001525878906,33.20000076293945,33.33333206176758,3887252
2023-04-24,32.42203903198242,33.666664123535156,34.0,33.400001525878906,33.79999923706055,3729070
2023-04-25,32.93566131591797,34.20000076293945,34.33333206176758,33.46666717529297,33.733333587646484,2915188
2023-04-26,33.67398452758789,34.96666717529297,35.233333587646484,33.70000076293945,34.20000076293945,5529301
2023-04-27,33.80238723754883,35.099998474121094,35.86666488647461,34.900001525878906,35.20000076293945,5797282
2023-04-28,34.50860595703125,35.83333206176758,35.93333435058594,34.96666717529297,35.133331298828125,3519418
2023-05-02,33.930789947509766,35.233333587646484,36.20000076293945,34.733333587646484,36.0,2675499
2023-05-03,34.15549850463867,35.46666717529297,35.70000076293945,34.86666488647461,35.20000076293945,15192142
2023-05-04,33.89868927001953,35.20000076293945,35.93333435058594,35.06666564941406,35.33333206176758,7192705
2023-05-05,34.47650909423828,35.79999923706055,36.0,35.06666564941406,35.33333206176758,1908875
2023-05-08,33.770286560058594,35.06666564941406,36.099998474121094,34.733333587646484,36.06666564941406,9178617
2023-05-09,35.279029846191406,36.633331298828125,37.03333282470703,35.03333282470703,35.166664123535156,10727175
2023-05-10,35.79264831542969,37.166664123535156,37.266666412353516,36.666664123535156,36.83333206176758,3352785
2023-05-11,36.2420654296875,37.633331298828125,37.900001525878906,37.33333206176758,37.733333587646484,2756187
2023-05-12,35.85685729980469,37.233333587646484,37.733333587646484,37.06666564941406,37.633331298828125,1428115
2023-05-15,35.63214874267578,37.0,37.33333206176758,36.633331298828125,37.33333206176758,1404609
2023-05-16,35.34323501586914,36.70000076293945,37.266666412353516,36.599998474121094,37.133331298828125,1637884
2023-05-17,35.47164535522461,36.83333206176758,37.233333587646484,36.33333206176758,36.666664123535156,4279124
2023-05-18,35.63214874267578,37.0,37.20000076293945,36.83333206176758,37.06666564941406,1582571
2023-05-19,35.279029846191406,36.633331298828125,37.666664123535156,36.5,37.03333282470703,5630932
2023-05-22,35.37533950805664,36.733333587646484,37.166664123535156,36.5,36.96666717529297,8977264
2023-05-23,36.049461364746094,37.43333435058594,37.93333435058594,36.79999923706055,37.06666564941406,32848205
2023-05-24,35.63214874267578,37.0,38.20000076293945,36.93333435058594,37.79999923706055,7857622
2023-05-25,35.888954162597656,37.266666412353516,37.5,37.03333282470703,37.166664123535156,6444055
2023-05-26,36.11366271972656,37.5,37.86666488647461,37.266666412353516,37.33333206176758,7452009
2023-05-29,36.563079833984375,37.96666717529297,38.46666717529297,37.666664123535156,37.733333587646484,7391305
2023-05-30,37.01249313354492,38.43333435058594,39.266666412353516,38.0,38.099998474121094,9929836
2023-05-31,37.14089584350586,38.56666564941406,39.0,38.266666412353516,38.599998474121094,12149563
2023-06-01,37.30139923095703,38.733333587646484,39.06666564941406,38.43333435058594,38.666664123535156,5260197
2023-06-02,37.46190643310547,38.900001525878906,39.400001525878906,38.36666488647461,39.0,8321905
2023-06-05,37.30139923095703,38.733333587646484,39.233333587646484,38.599998474121094,39.166664123535156,8266899
2023-06-06,37.23719787597656,38.666664123535156,38.86666488647461,38.0,38.86666488647461,7141980
2023-06-07,36.94828796386719,38.36666488647461,38.86666488647461,38.166664123535156,38.86666488647461,8744155
2023-06-08,37.01249313354492,38.43333435058594,38.666664123535156,38.33333206176758,38.53333282470703,2831364
2023-06-09,37.3656005859375,38.79999923706055,39.0,38.20000076293945,38.5,7731066
2023-06-12,37.076690673828125,38.5,38.86666488647461,38.400001525878906,38.79999923706055,2270118
2023-06-13,37.55820846557617,39.0,39.599998474121094,38.400001525878906,38.5,7931265
2023-06-14,36.98039245605469,38.400001525878906,39.46666717529297,38.29999923706055,39.33333206176758,7838073
2023-06-15,36.91618728637695,38.33333206176758,38.733333587646484,37.400001525878906,38.400001525878906,21153898
2023-06-16,37.04458999633789,38.46666717529297,38.93333435058594,37.96666717529297,38.599998474121094,6595642
2023-06-19,37.076690673828125,38.5,38.83333206176758,38.06666564941406,38.83333206176758,5964006
2023-06-20,37.42980194091797,38.86666488647461,39.20000076293945,38.20000076293945,38.43333435058594,8330046
2023-06-21,36.85198211669922,38.266666412353516,38.86666488647461,38.133331298828125,38.86666488647461,6697692
2023-06-22,37.14089584350586,38.56666564941406,38.666664123535156,37.93333435058594,38.33333206176758,5633091
2023-06-23,36.306270599365234,37.70000076293945,38.5,36.900001525878906,38.5,4770697
2023-06-26,36.434669494628906,37.83333206176758,37.96666717529297,37.266666412353516,37.36666488647461,3868879
2023-06-27,36.306270599365234,37.70000076293945,37.96666717529297,37.36666488647461,37.83333206176758,5809399
2023-06-28,36.3383674621582,37.733333587646484,38.133331298828125,37.633331298828125,37.83333206176758,9946567
2023-06-30,37.04458999633789,38.46666717529297,38.666664123535156,37.733333587646484,37.93333435058594,21062029
2023-07-03,37.14089584350586,38.56666564941406,38.900001525878906,38.233333587646484,38.79999923706055,3655948
2023-07-04,37.333499908447266,38.766666412353516,39.166664123535156,38.233333587646484,38.400001525878906,10326195
2023-07-05,37.49400329589844,38.93333435058594,39.53333282470703,38.666664123535156,39.0,10527072
2023-07-06,37.333499908447266,38.766666412353516,39.266666412353516,38.599998474121094,39.099998474121094,8323350
2023-07-07,37.46190643310547,38.900001525878906,39.166664123535156,38.400001525878906,38.46666717529297,5641230
2023-07-10,37.14089584350586,38.56666564941406,39.33333206176758,38.46666717529297,39.29999923706055,3323551
2023-07-11,37.590309143066406,39.03333282470703,39.266666412353516,38.633331298828125,38.766666412353516,5129781
2023-07-12,37.333499908447266,38.766666412353516,39.233333587646484,38.666664123535156,39.03333282470703,4360806
2023-07-13,37.10879135131836,38.53333282470703,39.46666717529297,38.46666717529297,39.03333282470703,16933719
2023-07-14,37.26929473876953,38.70000076293945,39.20000076293945,38.53333282470703,38.83333206176758,6010011
2023-07-17,37.654510498046875,39.099998474121094,39.633331298828125,38.83333206176758,38.93333435058594,24432456
2023-07-18,37.590309143066406,39.03333282470703,39.400001525878906,38.766666412353516,39.33333206176758,11591733
2023-07-19,37.46190643310547,38.900001525878906,39.166664123535156,38.79999923706055,39.166664123535156,2857759
2023-07-20,37.52610778808594,38.96666717529297,39.400001525878906,38.666664123535156,38.79999923706055,5802607
2023-07-21,37.172996520996094,38.599998474121094,38.96666717529297,38.53333282470703,38.93333435058594,9340666
2023-07-24,37.20509719848633,38.633331298828125,39.099998474121094,38.53333282470703,38.666664123535156,23823256
2023-07-25,39.74107360839844,41.266666412353516,41.766666412353516,38.766666412353516,38.86666488647461,61632514
2023-07-26,39.90158462524414,41.43333435058594,41.96666717529297,40.43333435058594,41.33333206176758,21105777
2023-07-27,38.61753845214844,40.099998474121094,41.900001525878906,40.03333282470703,41.666664123535156,8607751
2023-07-28,37.78291702270508,39.233333587646484,40.96666717529297,39.03333282470703,40.20000076293945,10867386
2023-07-31,37.590309143066406,39.03333282470703,39.86666488647461,38.400001525878906,39.33333206176758,24580168
2023-08-01,38.232330322265625,39.70000076293945,40.633331298828125,39.56666564941406,40.633331298828125,11721118
2023-08-02,38.489139556884766,39.96666717529297,40.166664123535156,39.133331298828125,39.96666717529297,10453702
2023-08-03,38.296531677246094,39.766666412353516,40.06666564941406,39.43333435058594,40.0,6823072
2023-08-04,38.842247009277344,40.33333206176758,40.666664123535156,39.666664123535156,39.93333435058594,9411738
2023-08-07,38.71384811401367,40.20000076293945,40.666664123535156,40.0,40.599998474121094,4081180
2023-08-08,38.77804946899414,40.266666412353516,40.599998474121094,39.86666488647461,40.20000076293945,9728977
2023-08-09,39.23235321044922,40.29999923706055,40.43333435058594,39.70000076293945,40.0,3696261
2023-08-10,39.264801025390625,40.33333206176758,40.53333282470703,40.133331298828125,40.53333282470703,3344448
2023-08-11,38.42109298706055,39.46666717529297,40.5,39.400001525878906,40.46666717529297,5131047
2023-08-14,38.55089569091797,39.599998474121094,40.06666564941406,38.766666412353516,39.46666717529297,4501878
2023-08-16,39.362152099609375,40.43333435058594,40.70000076293945,39.099998474121094,39.43333435058594,6695544
2023-08-17,38.7131462097168,39.766666412353516,40.766666412353516,39.266666412353516,40.733333587646484,8806228
2023-08-18,38.64824676513672,39.70000076293945,40.0,39.266666412353516,39.766666412353516,6140463
2023-08-21,38.74559783935547,39.79999923706055,40.20000076293945,39.06666564941406,40.20000076293945,9320466
2023-08-22,38.74559783935547,39.79999923706055,40.166664123535156,39.400001525878906,40.0,9076840
2023-08-23,38.61579513549805,39.666664123535156,40.46666717529297,39.43333435058594,40.0,22714368
2023-08-24,38.9078483581543,39.96666717529297,40.20000076293945,39.43333435058594,39.96666717529297,6946197
2023-08-25,38.68069839477539,39.733333587646484,40.266666412353516,39.56666564941406,39.900001525878906,4966731
2023-08-28,38.9402961730957,40.0,40.20000076293945,39.766666412353516,40.06666564941406,3884101
2023-08-29,38.38864517211914,39.43333435058594,40.133331298828125,39.400001525878906,40.03333282470703,8846656
2023-08-30,38.64824676513672,39.70000076293945,40.099998474121094,39.400001525878906,39.766666412353516,4122051
2023-08-31,40.3032112121582,41.400001525878906,41.633331298828125,39.666664123535156,39.733333587646484,18127539
2023-09-01,42.801876068115234,43.96666717529297,44.733333587646484,41.46666717529297,41.766666412353516,28001613
2023-09-04,42.801876068115234,43.96666717529297,45.33333206176758,43.46666717529297,44.56666564941406,9880254
2023-09-05,42.47737121582031,43.633331298828125,44.96666717529297,43.20000076293945,44.33333206176758,9375774
2023-09-06,42.47737121582031,43.633331298828125,44.5,43.0,44.46666717529297,5847436
2023-09-07,42.834327697753906,44.0,44.633331298828125,43.099998474121094,43.96666717529297,9578433
2023-09-08,43.28863525390625,44.46666717529297,44.666664123535156,43.86666488647461,44.5,9239184
2023-09-11,43.45088195800781,44.633331298828125,45.0,44.06666564941406,45.0,9351346
2023-09-12,41.406517028808594,42.53333282470703,45.0,41.83333206176758,45.0,9806643
2023-09-13,41.471412658691406,42.599998474121094,43.133331298828125,40.900001525878906,42.46666717529297,6519372
2023-09-14,42.347572326660156,43.5,44.0,42.83333206176758,43.0,4159005
2023-09-15,42.639625549316406,43.79999923706055,44.0,42.766666412353516,43.766666412353516,4992499
2023-09-18,42.217769622802734,43.36666488647461,44.099998474121094,43.20000076293945,44.099998474121094,3300081
2023-09-20,42.12042236328125,43.266666412353516,43.766666412353516,42.93333435058594,43.33333206176758,3357603
2023-09-21,41.471412658691406,42.599998474121094,43.233333587646484,42.5,43.233333587646484,4500336
2023-09-22,41.37406921386719,42.5,42.79999923706055,41.766666412353516,42.53333282470703,4386573
2023-09-25,41.43896484375,42.56666564941406,42.900001525878906,41.900001525878906,42.86666488647461,4771725
2023-09-26,41.08201599121094,42.20000076293945,42.93333435058594,42.133331298828125,42.79999923706055,3900123
2023-09-27,41.53631591796875,42.666664123535156,42.93333435058594,41.400001525878906,42.166664123535156,5357986
2023-09-28,40.91976547241211,42.03333282470703,43.03333282470703,41.900001525878906,42.766666412353516,3309049
2023-09-29,41.828369140625,42.96666717529297,43.266666412353516,42.0,42.266666412353516,4217121
2023-10-03,41.50386428833008,42.633331298828125,43.166664123535156,41.93333435058594,43.133331298828125,6465487
2023-10-04,40.88731384277344,42.0,42.666664123535156,41.666664123535156,42.633331298828125,3583171
2023-10-05,40.20585632324219,41.29999923706055,42.33333206176758,41.20000076293945,42.133331298828125,5656890
2023-10-06,40.173404693603516,41.266666412353516,41.46666717529297,41.133331298828125,41.33333206176758,2420844
2023-10-09,39.9138069152832,41.0,41.36666488647461,39.83333206176758,40.733333587646484,6418158
2023-10-10,41.146915435791016,42.266666412353516,42.53333282470703,41.0,41.0,6164671
2023-10-11,40.725059509277344,41.83333206176758,42.599998474121094,41.666664123535156,42.599998474121094,5314630
2023-10-12,40.20585632324219,41.29999923706055,42.03333282470703,41.233333587646484,41.83333206176758,2948937
2023-10-13,40.23830795288086,41.33333206176758,41.56666564941406,41.06666564941406,41.266666412353516,6099406
2023-10-16,40.725059509277344,41.83333206176758,41.96666717529297,41.266666412353516,41.599998474121094,6113523
2023-10-17,40.85486602783203,41.96666717529297,42.400001525878906,41.900001525878906,42.06666564941406,2620965
2023-10-18,40.49790954589844,41.599998474121094,42.0,41.29999923706055,42.0,2964916
2023-10-19,41.43896484375,42.56666564941406,42.79999923706055,41.133331298828125,41.33333206176758,5212939
2023-10-20,40.91976547241211,42.03333282470703,43.06666564941406,41.666664123535156,42.70000076293945,3595746
2023-10-23,39.88135528564453,40.96666717529297,42.400001525878906,40.53333282470703,42.29999923706055,4721647
2023-10-25,38.9402961730957,40.0,41.46666717529297,39.599998474121094,41.233333587646484,7632000
2023-10-26,38.61579513549805,39.666664123535156,40.233333587646484,38.93333435058594,39.70000076293945,10078626
2023-10-27,39.71910095214844,40.79999923706055,41.83333206176758,39.733333587646484,39.733333587646484,7743169
2023-10-30,39.00519943237305,40.06666564941406,40.96666717529297,39.46666717529297,40.900001525878906,4069539
2023-10-31,38.9078483581543,39.96666717529297,40.86666488647461,39.599998474121094,40.33333206176758,4739880
2023-11-01,38.35619354248047,39.400001525878906,41.233333587646484,39.20000076293945,41.0,9348556
2023-11-02,38.06414031982422,39.099998474121094,39.86666488647461,38.93333435058594,39.400001525878906,7814785
2023-11-03,37.83698654174805,38.86666488647461,39.5,38.79999923706055,39.400001525878906,12420948
2023-11-06,38.161495208740234,39.20000076293945,39.5,38.56666564941406,39.5,12583476
2023-11-07,38.875396728515625,39.93333435058594,40.599998474121094,39.133331298828125,39.33333206176758,8559771
2023-11-08,38.64824676513672,39.70000076293945,40.29999923706055,39.33333206176758,40.133331298828125,4600239
2023-11-09,37.70718765258789,38.733333587646484,39.96666717529297,38.633331298828125,39.70000076293945,9442471
2023-11-10,38.1290397644043,39.166664123535156,39.400001525878906,38.666664123535156,38.733333587646484,4817746
2023-11-13,38.19394302368164,39.233333587646484,39.79999923706055,39.133331298828125,39.79999923706055,5460778
2023-11-15,39.070098876953125,40.133331298828125,40.5,39.400001525878906,39.400001525878906,7330456
2023-11-16,38.875396728515625,39.93333435058594,40.29999923706055,39.83333206176758,40.233333587646484,3178102
2023-11-17,38.61579513549805,39.666664123535156,40.06666564941406,39.599998474121094,39.93333435058594,4169812
2023-11-20,39.362152099609375,40.43333435058594,40.666664123535156,39.56666564941406,39.83333206176758,12731863
2023-11-21,39.19990158081055,40.266666412353516,40.666664123535156,40.06666564941406,40.666664123535156,3069927
2023-11-22,38.35619354248047,39.400001525878906,40.53333282470703,39.33333206176758,40.266666412353516,4419916
2023-11-23,39.16745376586914,40.233333587646484,40.83333206176758,39.56666564941406,39.56666564941406,6722049
2023-11-24,39.03764724731445,40.099998474121094,40.56666564941406,40.0,40.33333206176758,2621109
2023-11-28,39.39459991455078,40.46666717529297,40.83333206176758,40.0,40.266666412353516,4628224
2023-11-29,39.362152099609375,40.43333435058594,41.03333282470703,40.233333587646484,40.599998474121094,4736427
2023-11-30,39.978702545166016,41.06666564941406,41.29999923706055,40.20000076293945,40.46666717529297,10503745
2023-12-01,39.81645584106445,40.900001525878906,41.56666564941406,40.633331298828125,41.33333206176758,10611343
2023-12-04,40.043601989746094,41.133331298828125,41.79999923706055,40.666664123535156,41.666664123535156,11466438
2023-12-05,39.68665313720703,40.766666412353516,41.733333587646484,40.599998474121094,41.46666717529297,8552538
2023-12-06,39.19990158081055,40.266666412353516,41.43333435058594,39.96666717529297,41.0,10684660
2023-12-07,39.65420150756836,40.733333587646484,41.133331298828125,40.166664123535156,40.666664123535156,5217186
2023-12-08,40.173404693603516,41.266666412353516,41.43333435058594,40.5,41.0,9929287
2023-12-11,40.10850524902344,41.20000076293945,41.733333587646484,41.06666564941406,41.666664123535156,10465789
2023-12-12,39.848907470703125,40.93333435058594,42.099998474121094,40.70000076293945,41.53333282470703,8080233
2023-12-13,39.13500213623047,40.20000076293945,41.400001525878906,39.93333435058594,41.20000076293945,10041516
2023-12-14,39.13500213623047,40.20000076293945,40.733333587646484,39.96666717529297,40.53333282470703,11886894
2023-12-15,39.491947174072266,40.56666564941406,40.79999923706055,40.36666488647461,40.5,6929977
2023-12-18,39.946250915527344,41.03333282470703,41.233333587646484,40.33333206176758,40.766666412353516,9272916
2023-12-19,40.076053619384766,41.166664123535156,41.46666717529297,40.83333206176758,41.233333587646484,16782816
2023-12-20,39.00519943237305,40.06666564941406,41.766666412353516,39.599998474121094,41.33333206176758,14713762
2023-12-21,39.070098876953125,40.133331298828125,40.43333435058594,39.400001525878906,39.93333435058594,15182487
2023-12-22,39.88135528564453,40.96666717529297,41.33333206176758,40.133331298828125,40.20000076293945,8789386
2023-12-26,39.42704772949219,40.5,41.29999923706055,40.43333435058594,41.233333587646484,7032088
2023-12-27,39.589298248291016,40.666664123535156,40.96666717529297,40.0,40.633331298828125,8268105
2023-12-28,39.65420150756836,40.733333587646484,41.166664123535156,40.06666564941406,40.766666412353516,11199505
2023-12-29,40.076053619384766,41.166664123535156,42.400001525878906,40.666664123535156,40.900001525878906,22465375
2024-01-01,40.33565902709961,41.43333435058594,42.20000076293945,41.133331298828125,41.5,12135316
2024-01-02,39.946250915527344,41.03333282470703,42.03333282470703,40.79999923706055,41.53333282470703,18443430
2024-01-03,39.9138069152832,41.0,41.733333587646484,40.666664123535156,41.20000076293945,30471666
2024-01-04,40.23830795288086,41.33333206176758,41.599998474121094,41.099998474121094,41.099998474121094,7149000
2024-01-05,42.607177734375,43.766666412353516,44.0,41.400001525878906,41.79999923706055,62247721
2024-01-08,41.958168029785156,43.099998474121094,44.5,42.93333435058594,44.36666488647461,20530251
2024-01-09,42.12042236328125,43.266666412353516,43.83333206176758,43.133331298828125,43.46666717529297,9976998
2024-01-10,41.69856643676758,42.83333206176758,43.599998474121094,42.53333282470703,43.29999923706055,9184786
2024-01-11,41.27671813964844,42.400001525878906,43.93333435058594,42.266666412353516,43.93333435058594,14061396
2024-01-12,40.952213287353516,42.06666564941406,42.96666717529297,41.86666488647461,42.633331298828125,9757488
2024-01-15,40.952213287353516,42.06666564941406,42.06666564941406,42.06666564941406,42.06666564941406,0
2024-01-16,40.82241439819336,41.93333435058594,42.766666412353516,41.400001525878906,42.666664123535156,6033324
2024-01-17,40.173404693603516,41.266666412353516,42.0,41.03333282470703,41.666664123535156,9193864
2024-01-18,39.946250915527344,41.03333282470703,41.5,40.29999923706055,41.03333282470703,9946036
2024-01-19,39.978702545166016,41.06666564941406,41.766666412353516,40.79999923706055,41.33333206176758,8685046
2024-01-23,39.88135528564453,40.96666717529297,42.0,40.86666488647461,41.86666488647461,8096982
2024-01-24,40.043601989746094,41.133331298828125,41.233333587646484,40.233333587646484,40.93333435058594,5206584
2024-01-25,39.556846618652344,40.633331298828125,41.79999923706055,40.166664123535156,41.133331298828125,9548824
2024-01-29,40.043601989746094,41.133331298828125,41.29999923706055,40.900001525878906,41.0,7193271
2024-01-30,41.211814880371094,42.33333206176758,43.666664123535156,41.33333206176758,41.43333435058594,26929200
2024-01-31,42.217769622802734,43.36666488647461,43.83333206176758,42.233333587646484,43.0,25933131
2024-02-01,45.39789581298828,46.633331298828125,47.633331298828125,44.166664123535156,44.233333587646484,97582933
2024-02-02,45.04094314575195,46.266666412353516,48.133331298828125,46.0,47.43333435058594,34402702
2024-02-05,46.04690170288086,47.29999923706055,49.233333587646484,46.20000076293945,46.53333282470703,40382190
2024-02-06,47.31245803833008,48.599998474121094,49.86666488647461,47.79999923706055,48.33333206176758,34964920
2024-02-07,45.75484848022461,47.0,49.233333587646484,46.79999923706055,48.86666488647461,17776971
2024-02-08,46.566104888916016,47.83333206176758,48.46666717529297,46.56666564941406,47.96666717529297,25931380
2024-02-09,44.74889373779297,45.96666717529297,48.06666564941406,45.233333587646484,48.0,18902368
2024-02-12,43.191280364990234,44.36666488647461,46.56666564941406,44.0,46.233333587646484,12075450
2024-02-13,43.80783462524414,45.0,46.266666412353516,43.06666564941406,44.36666488647461,15813261
2024-02-14,45.3005485534668,46.53333282470703,46.633331298828125,44.233333587646484,44.96666717529297,15937672
2024-02-15,45.81974792480469,47.06666564941406,47.33333206176758,46.133331298828125,46.900001525878906,11119137
2024-02-16,46.955509185791016,48.233333587646484,49.86666488647461,46.733333587646484,46.733333587646484,32003583
2024-02-19,47.442264556884766,48.733333587646484,49.166664123535156,48.400001525878906,48.53333282470703,8820108
2024-02-20,46.566104888916016,47.83333206176758,48.86666488647461,47.53333282470703,48.83333206176758,7709629
2024-02-21,45.39789581298828,46.633331298828125,48.099998474121094,46.46666717529297,48.0,8032627
2024-02-22,46.20915222167969,47.46666717529297,47.599998474121094,45.900001525878906,46.733333587646484,8130750
2024-02-23,45.59260177612305,46.83333206176758,47.70000076293945,46.666664123535156,47.70000076293945,6514231
2024-02-26,47.020408630371094,48.29999923706055,48.56666564941406,47.03333282470703,47.33333206176758,12577842
2024-02-27,46.72835922241211,48.0,49.133331298828125,47.666664123535156,48.666664123535156,12687204
2024-02-28,46.11180114746094,47.36666488647461,48.70000076293945,46.70000076293945,48.133331298828125,9613461
2024-02-29,45.52770233154297,46.766666412353516,47.133331298828125,45.79999923706055,47.133331298828125,9368148
2024-03-01,45.43034744262695,46.666664123535156,47.86666488647461,46.400001525878906,46.900001525878906,10566096
2024-03-04,45.39789581298828,46.633331298828125,47.79999923706055,46.43333435058594,47.79999923706055,11067373
2024-03-05,45.689945220947266,46.93333435058594,47.56666564941406,46.36666488647461,47.0,10330734
2024-03-06,45.4952507019043,46.733333587646484,47.53333282470703,46.0,47.20000076293945,9350263
2024-03-07,43.93762969970703,45.133331298828125,46.733333587646484,44.79999923706055,45.666664123535156,12352458
2024-03-11,42.93167495727539,44.099998474121094,45.400001525878906,43.86666488647461,45.400001525878906,10677010
2024-03-12,41.958168029785156,43.099998474121094,44.266666412353516,42.099998474121094,44.099998474121094,16513189
2024-03-13,39.946250915527344,41.03333282470703,43.96666717529297,40.666664123535156,43.099998474121094,25176024
2024-03-14,41.27671813964844,42.400001525878906,42.83333206176758,40.099998474121094,40.733333587646484,22989315
2024-03-15,40.49790954589844,41.599998474121094,43.20000076293945,41.33333206176758,42.599998474121094,18545373
2024-03-18,40.40055847167969,41.5,42.86666488647461,41.36666488647461,41.93333435058594,14321896
2024-03-19,40.173404693603516,41.266666412353516,42.133331298828125,40.86666488647461,41.79999923706055,8842191
2024-03-20,39.9138069152832,41.0,41.96666717529297,40.733333587646484,41.70000076293945,7707717
2024-03-21,40.725059509277344,41.83333206176758,42.099998474121094,41.33333206176758,41.599998474121094,9526756
2024-03-22,41.50386428833008,42.633331298828125,42.733333587646484,41.733333587646484,41.900001525878906,7360320
2024-03-26,42.05552291870117,43.20000076293945,43.43333435058594,42.29999923706055,42.53333282470703,11270950
2024-03-27,42.38002395629883,43.53333282470703,44.86666488647461,43.20000076293945,43.266666412353516,16096372
2024-03-28,42.899227142333984,44.06666564941406,44.53333282470703,43.233333587646484,44.0,14876197
2024-04-01,43.80783462524414,45.0,45.233333587646484,44.133331298828125,44.46666717529297,8605108
2024-04-02,44.489288330078125,45.70000076293945,45.83333206176758,45.06666564941406,45.46666717529297,7918839
2024-04-03,45.852195739746094,47.099998474121094,47.266666412353516,45.33333206176758,45.83333206176758,13980064
2024-04-04,45.81974792480469,47.06666564941406,47.53333282470703,46.233333587646484,47.46666717529297,12660855
2024-04-05,45.657501220703125,46.900001525878906,47.70000076293945,46.599998474121094,47.33333206176758,8873430
2024-04-08,45.39789581298828,46.633331298828125,47.133331298828125,46.20000076293945,47.133331298828125,5541562
2024-04-09,44.35948944091797,45.56666564941406,47.099998474121094,45.46666717529297,46.86666488647461,6136837
2024-04-10,44.65153884887695,45.86666488647461,46.33333206176758,45.56666564941406,45.900001525878906,8781237
2024-04-12,45.170745849609375,46.400001525878906,46.79999923706055,45.56666564941406,46.29999923706055,11646948
2024-04-15,44.68399429321289,45.900001525878906,46.29999923706055,43.900001525878906,44.93333435058594,11983602
2024-04-16,45.94955062866211,47.20000076293945,48.266666412353516,45.03333282470703,45.633331298828125,34246111
2024-04-18,45.462799072265625,46.70000076293945,47.53333282470703,46.43333435058594,47.29999923706055,15798361
2024-04-19,45.52770233154297,46.766666412353516,47.133331298828125,45.233333587646484,46.666664123535156,10518754
2024-04-22,45.170745849609375,46.400001525878906,47.03333282470703,46.266666412353516,47.03333282470703,7711266
2024-04-23,46.144256591796875,47.400001525878906,48.233333587646484,46.33333206176758,46.46666717529297,18977829
2024-04-24,46.04690170288086,47.29999923706055,48.133331298828125,47.06666564941406,47.70000076293945,8620792
2024-04-25,45.560150146484375,46.79999923706055,47.53333282470703,46.53333282470703,47.400001525878906,10586364
2024-04-26,45.1382942199707,46.36666488647461,47.36666488647461,46.166664123535156,46.83333206176758,10852657
2024-04-29,45.1382942199707,46.36666488647461,46.93333435058594,46.099998474121094,46.666664123535156,5864943
2024-04-30,44.81379318237305,46.03333282470703,46.633331298828125,46.0,46.46666717529297,4598787
2024-05-02,44.7164421081543,45.93333435058594,46.43333435058594,45.733333587646484,46.29999923706055,4197360
2024-05-03,44.42438888549805,45.633331298828125,46.166664123535156,45.266666412353516,46.0,5352318
2024-05-06,44.5541877746582,45.766666412353516,45.96666717529297,45.20000076293945,45.79999923706055,5050248
2024-05-07,44.1323356628418,45.33333206176758,45.96666717529297,44.86666488647461,45.766666412353516,6510534
2024-05-08,44.74889373779297,45.96666717529297,46.20000076293945,44.900001525878906,45.0,5935680
2024-05-09,44.489288330078125,45.70000076293945,46.43333435058594,45.20000076293945,46.33333206176758,8247819
2024-05-10,43.80783462524414,45.0,45.79999923706055,44.733333587646484,45.70000076293945,4076217
2024-05-13,43.58068084716797,44.766666412353516,45.29999923706055,44.099998474121094,45.0,3936570
2024-05-14,44.26213836669922,45.46666717529297,45.733333587646484,44.86666488647461,44.86666488647461,5018227
2024-05-15,44.5541877746582,45.766666412353516,46.099998474121094,45.400001525878906,45.5,4154103
2024-05-16,45.10584259033203,46.33333206176758,47.266666412353516,45.233333587646484,46.233333587646484,15375862
2024-05-17,44.5541877746582,45.766666412353516,47.33333206176758,45.56666564941406,47.33333206176758,20791717
2024-05-21,44.9435920715332,46.166664123535156,46.5,45.46666717529297,46.5,10037877
2024-05-22,44.42438888549805,45.633331298828125,46.5,45.5,46.5,6263835
2024-05-23,44.35948944091797,45.56666564941406,45.83333206176758,45.43333435058594,45.70000076293945,4222237
2024-05-24,44.1647834777832,45.36666488647461,46.20000076293945,45.20000076293945,45.70000076293945,8898597
2024-05-27,44.03498458862305,45.233333587646484,45.766666412353516,45.099998474121094,45.766666412353516,6611523
2024-05-28,43.54823303222656,44.733333587646484,45.5,44.43333435058594,45.46666717529297,7427899
2024-05-29,43.22373580932617,44.400001525878906,45.099998474121094,44.233333587646484,44.666664123535156,6674617
2024-05-30,43.28863525390625,44.46666717529297,45.133331298828125,44.166664123535156,44.53333282470703,9483210
2024-05-31,43.905181884765625,45.099998474121094,45.33333206176758,44.46666717529297,44.79999923706055,8666820
2024-06-03,43.905181884765625,45.099998474121094,46.900001525878906,44.766666412353516,46.666664123535156,11865204
2024-06-04,41.89326858520508,43.03333282470703,45.29999923706055,41.53333282470703,45.29999923706055,11397487
2024-06-05,41.633663177490234,42.766666412353516,43.36666488647461,41.56666564941406,43.06666564941406,20843862
2024-06-06,43.58068084716797,44.766666412353516,45.0,43.0,43.79999923706055,14785330
2024-06-07,44.06743621826172,45.266666412353516,45.46666717529297,44.733333587646484,44.86666488647461,8382237
2024-06-10,44.51525115966797,45.72666549682617,45.93333435058594,45.086666107177734,45.599998474121094,13160113
2024-06-11,44.61259841918945,45.82666778564453,46.266666412353516,45.733333587646484,46.266666412353516,7748325
2024-06-12,44.79432678222656,46.01333236694336,46.166664123535156,45.56666564941406,46.12666702270508,7717560
2024-06-13,47.1307373046875,48.413333892822266,49.53333282470703,45.7599983215332,46.040000915527344,62213667
2024-06-14,47.96795654296875,49.27333450317383,51.09333419799805,48.439998626708984,48.53333282470703,50895669
2024-06-18,51.1091423034668,52.5,52.666664123535156,49.86666488647461,50.0,69850111
2024-06-19,49.80464172363281,51.15999984741211,53.33333206176758,50.80666732788086,53.2066650390625,48997138
2024-06-20,49.214046478271484,50.5533332824707,51.5533332824707,50.400001525878906,51.46666717529297,16881963
2024-06-21,49.38278579711914,50.72666549682617,51.633331298828125,49.83333206176758,50.96666717529297,21405418
2024-06-24,49.32437515258789,50.666664123535156,50.95333480834961,49.93333435058594,50.666664123535156,14558149
2024-06-25,49.071266174316406,50.40666580200195,51.86666488647461,50.266666412353516,51.0,20128389
2024-06-26,48.960933685302734,50.293331146240234,51.666664123535156,50.133331298828125,50.33333206176758,16578189
2024-06-27,48.13020706176758,49.439998626708984,50.560001373291016,49.33333206176758,50.30666732788086,11028129
2024-06-28,48.876564025878906,50.2066650390625,50.400001525878906,49.060001373291016,49.46666717529297,16352437
2024-07-01,48.162654876708984,49.473331451416016,50.666664123535156,49.34000015258789,50.233333587646484,10330525
2024-07-02,47.305973052978516,48.59333419799805,49.7599983215332,48.400001525878906,49.733333587646484,13432156
2024-07-03,47.45524215698242,48.746665954589844,49.2599983215332,48.540000915527344,49.18666458129883,8092275
2024-07-04,47.448753356933594,48.7400016784668,49.6533317565918,48.61333465576172,48.91999816894531,9303711
2024-07-05,47.63047409057617,48.926666259765625,49.439998626708984,48.71333312988281,49.166664123535156,8362263
2024-07-08,46.669944763183594,47.939998626708984,49.18000030517578,47.20000076293945,49.0,18545109
2024-07-09,46.936038970947266,48.21333312988281,48.99333190917969,48.0,48.293331146240234,9812848
2024-07-10,47.000938415527344,48.279998779296875,48.746665954589844,47.233333587646484,48.400001525878906,22564147
2024-07-11,47.247562408447266,48.53333282470703,49.086666107177734,48.20000076293945,48.33333206176758,12933519
2024-07-12,48.08477783203125,49.393333435058594,49.82666778564453,48.6533317565918,48.753334045410156,17310085
2024-07-15,49.16212463378906,50.5,50.68000030517578,49.67333221435547,49.99333190917969,16411174
2024-07-16,49.14265441894531,50.47999954223633,50.96666717529297,50.133331298828125,50.733333587646484,13585543
2024-07-18,48.318416595458984,49.633331298828125,50.666664123535156,49.20000076293945,50.666664123535156,10289253
2024-07-19,47.111270904541016,48.393333435058594,49.62666702270508,47.83333206176758,49.599998474121094,9782871
2024-07-22,47.10477828979492,48.38666534423828,49.03333282470703,47.70000076293945,48.560001373291016,5764704
2024-07-23,46.5855712890625,47.85333251953125,48.65999984741211,46.400001525878906,48.65999984741211,6216912
2024-07-24,47.37736129760742,48.666664123535156,48.95333480834961,47.746665954589844,47.900001525878906,6329671
2024-07-25,48.14967727661133,49.459999084472656,49.83333206176758,48.1533317565918,48.53333282470703,7231227
2024-07-26,48.81166458129883,50.13999938964844,50.459999084472656,48.540000915527344,49.959999084472656,10274719
2024-07-29,48.92848205566406,50.2599983215332,51.33333206176758,49.70000076293945,50.20000076293945,9080923
2024-07-30,48.487159729003906,49.80666732788086,50.733333587646484,49.666664123535156,50.400001525878906,6568423
2024-07-31,47.93550491333008,49.2400016784668,50.29999923706055,49.073333740234375,49.900001525878906,7771062
2024-08-01,47.57206344604492,48.86666488647461,49.560001373291016,48.68666458129883,49.52666473388672,5583924
2024-08-02,47.390342712402344,48.68000030517578,49.633331298828125,48.060001373291016,48.266666412353516,8920695
2024-08-05,45.46928787231445,46.7066650390625,48.2400016784668,46.27333450317383,47.86666488647461,13840476
2024-08-06,46.144256591796875,47.400001525878906,48.880001068115234,46.5,47.91999816894531,29628448
2024-08-07,46.44928741455078,47.71333312988281,48.53333282470703,46.70000076293945,48.53333282470703,11899590
2024-08-08,46.72835922241211,48.0,48.19333267211914,47.246665954589844,47.77333450317383,7247401
2024-08-09,46.24808883666992,47.50666427612305,48.959999084472656,47.426666259765625,48.959999084472656,6030079
2024-08-12,46.37789535522461,47.63999938964844,47.98666763305664,47.13999938964844,47.50666427612305,8726301
2024-08-13,45.365447998046875,46.599998474121094,47.79999923706055,46.473331451416016,47.67333221435547,5941266
2024-08-14,45.306358337402344,46.00666427612305,46.599998474121094,45.400001525878906,46.400001525878906,6649956
2024-08-16,46.271446228027344,46.98666763305664,47.52000045776367,45.80666732788086,46.22666549682617,14443860
2024-08-19,47.15774154663086,47.88666534423828,48.426666259765625,47.06666564941406,47.253334045410156,11119485
2024-08-20,47.249656677246094,47.97999954223633,48.5,47.84666442871094,47.959999084472656,5892699
2024-08-21,47.44661331176758,48.18000030517578,48.34000015258789,47.720001220703125,48.0,4154206
2024-08-22,47.623870849609375,48.36000061035156,48.633331298828125,48.18000030517578,48.18000030517578,4032391
2024-08-23,46.481529235839844,47.20000076293945,48.70000076293945,46.9466667175293,48.36000061035156,8686233
2024-08-26,46.40274429321289,47.119998931884766,47.86666488647461,47.03333282470703,47.72666549682617,6222352
2024-08-27,47.13804626464844,47.86666488647461,47.96666717529297,46.86666488647461,47.31999969482422,9209260
2024-08-28,45.969444274902344,46.68000030517578,47.95333480834961,46.36666488647461,47.86666488647461,9719284
2024-08-29,46.05479431152344,46.766666412353516,47.12666702270508,46.473331451416016,46.900001525878906,5708233
2024-08-30,46.23862075805664,46.95333480834961,47.1533317565918,46.69333267211914,47.0,5209510
2024-09-02,46.120445251464844,46.83333206176758,47.14666748046875,46.599998474121094,47.106666564941406,4237374
2024-09-03,46.26487731933594,46.97999954223633,47.233333587646484,46.86000061035156,46.900001525878906,3248889
2024-09-04,45.995704650878906,46.7066650390625,46.88666534423828,46.633331298828125,46.86666488647461,2756305
2024-09-05,45.93661880493164,46.64666748046875,47.14666748046875,46.633331298828125,46.813331604003906,4471080
2024-09-06,45.8972282409668,46.606666564941406,47.29999923706055,46.28666687011719,46.666664123535156,8290030
2024-09-09,45.54270553588867,46.246665954589844,46.766666412353516,45.7066650390625,46.606666564941406,4582149
2024-09-10,45.8972282409668,46.606666564941406,47.0,46.413333892822266,46.413333892822266,5133048
2024-09-11,45.779052734375,46.48666763305664,46.753334045410156,46.400001525878906,46.65999984741211,4383783
2024-09-12,45.29979705810547,46.0,46.52666473388672,45.93333435058594,46.36666488647461,7957216
2024-09-13,45.64118194580078,46.34666442871094,46.53333282470703,45.93333435058594,46.03333282470703,4468951
2024-09-16,45.91035461425781,46.619998931884766,46.83333206176758,46.28666687011719,46.666664123535156,4686688
2024-09-17,45.75279235839844,46.459999084472656,46.87333297729492,46.400001525878906,46.87333297729492,4933549
2024-09-18,45.943180084228516,46.6533317565918,47.0,46.400001525878906,46.459999084472656,6193939
2024-09-19,45.64118194580078,46.34666442871094,47.0,45.81999969482422,46.96666717529297,4889107
2024-09-20,45.41796875,46.119998931884766,46.79999923706055,46.0,46.720001220703125,6149581
2024-09-23,45.70027160644531,46.40666580200195,46.633331298828125,46.17333221435547,46.17333221435547,3538174
2024-09-24,46.52092361450195,47.2400016784668,48.31999969482422,46.119998931884766,46.573333740234375,14238487
2024-09-25,46.757266998291016,47.47999954223633,47.753334045410156,46.71333312988281,47.0,8158032
2024-09-26,47.459739685058594,48.19333267211914,48.266666412353516,47.5,48.133331298828125,10290378
2024-09-27,47.5582160949707,48.293331146240234,48.53333282470703,47.70000076293945,48.33333206176758,13513890
2024-09-30,46.757266998291016,47.47999954223633,48.7066650390625,47.04666519165039,48.293331146240234,16126812
2024-10-01,46.074485778808594,46.78666687011719,47.90666580200195,46.540000915527344,47.666664123535156,11436787
2024-10-03,44.800838470458984,45.49333190917969,46.540000915527344,45.246665954589844,46.06666564941406,12078375
2024-10-04,44.28875732421875,44.973331451416016,45.720001220703125,44.279998779296875,45.49333190917969,20243032
2024-10-07,43.27771759033203,43.9466667175293,45.400001525878906,43.40666580200195,45.20000076293945,10479784
2024-10-08,43.323673248291016,43.99333190917969,44.293331146240234,43.060001373291016,44.293331146240234,10676914
2024-10-09,43.78980255126953,44.46666717529297,45.18666458129883,44.233333587646484,44.599998474121094,16293144
2024-10-10,43.310543060302734,43.97999954223633,44.7599983215332,43.913333892822266,44.5,5935389
2024-10-11,43.28428268432617,43.95333480834961,44.599998474121094,43.413333892822266,44.586666107177734,10799857
2024-10-14,42.66715621948242,43.32666778564453,44.22666549682617,43.27333450317383,44.22666549682617,6799323
2024-10-15,42.26667785644531,42.91999816894531,43.98666763305664,42.34666442871094,43.5,32690989
2024-10-16,42.33889389038086,42.99333190917969,43.64666748046875,42.619998931884766,42.91999816894531,5039017
2024-10-17,41.918724060058594,42.56666564941406,43.2066650390625,42.36666488647461,43.06666564941406,8404308
2024-10-18,42.10911178588867,42.7599983215332,42.893333435058594,41.97999954223633,42.6533317565918,5221975
2024-10-21,41.74802780151367,42.393333435058594,43.099998474121094,42.166664123535156,42.93333435058594,5238621
2024-10-22,41.45915985107422,42.099998474121094,42.67333221435547,41.7599983215332,42.34000015258789,10997809
2024-10-23,41.97780990600586,42.62666702270508,42.99333190917969,41.29999923706055,42.33333206176758,9502246
2024-10-24,41.36068344116211,42.0,42.79999923706055,41.83333206176758,42.79999923706055,5459446
2024-10-25,40.97333526611328,41.606666564941406,42.246665954589844,41.313331604003906,42.12666702270508,6474712
2024-10-28,40.901119232177734,41.53333282470703,42.0,40.56666564941406,41.33333206176758,8509683
2024-10-29,40.19864273071289,40.81999969482422,41.793331146240234,40.68000030517578,41.53333282470703,4746571
2024-10-30,41.045555114746094,41.68000030517578,42.266666412353516,40.7400016784668,40.926666259765625,3917749
2024-10-31,41.22937774658203,41.86666488647461,41.973331451416016,41.29999923706055,41.68000030517578,6352522
2024-11-01,41.99750518798828,42.64666748046875,42.7066650390625,42.12666702270508,42.400001525878906,1243398
2024-11-04,43.16611099243164,43.83333206176758,44.253334045410156,42.36666488647461,43.33333206176758,18328413
2024-11-05,42.187896728515625,42.84000015258789,43.86000061035156,42.50666427612305,43.83333206176758,5242975
2024-11-06,42.54241943359375,43.20000076293945,43.62666702270508,42.67333221435547,43.02000045776367,4139835
2024-11-07,42.26667785644531,42.91999816894531,43.53333282470703,42.79999923706055,43.20000076293945,3192076
2024-11-08,42.02376174926758,42.67333221435547,43.09333419799805,42.33333206176758,43.09333419799805,2901166
2024-11-11,41.524810791015625,42.166664123535156,42.29999923706055,40.93333435058594,41.33333206176758,6383440
2024-11-12,40.85516357421875,41.48666763305664,42.459999084472656,41.34666442871094,42.20000076293945,2929831
2024-11-13,39.574947357177734,40.18666458129883,41.599998474121094,40.00666427612305,41.33333206176758,6955237
2024-11-14,40.00168991088867,40.619998931884766,40.88666534423828,40.06666564941406,40.18666458129883,8762028
2024-11-18,40.06077575683594,40.68000030517578,41.233333587646484,40.0,40.0,4863874
2024-11-19,40.35620880126953,40.97999954223633,41.293331146240234,40.45333480834961,40.45333480834961,19540149
2024-11-21,40.36933898925781,40.99333190917969,41.33333206176758,40.666664123535156,40.68666458129883,8039115
2024-11-22,40.599117279052734,41.22666549682617,41.633331298828125,40.926666259765625,40.99333190917969,5739913
2024-11-25,40.73042297363281,41.36000061035156,42.68000030517578,40.9466667175293,41.606666564941406,8786053
2024-11-26,41.0783805847168,41.71333312988281,41.81999969482422,41.439998626708984,41.59333419799805,5462283
2024-11-27,42.12224578857422,42.77333450317383,42.93333435058594,41.733333587646484,41.813331604003906,5822449
2024-11-28,41.89246368408203,42.540000915527344,43.03333282470703,42.31999969482422,42.79999923706055,5012443
2024-11-29,42.01063537597656,42.65999984741211,42.766666412353516,42.413333892822266,42.48666763305664,3950179
2024-12-02,41.99094009399414,42.63999938964844,42.99333190917969,42.13999938964844,42.65999984741211,4093395
2024-12-03,41.80711364746094,42.45333480834961,42.733333587646484,42.20000076293945,42.586666107177734,5988865
2024-12-04,41.85307312011719,42.5,42.939998626708984,42.02000045776367,42.913333892822266,3827031
2024-12-05,41.88589859008789,42.53333282470703,42.733333587646484,42.34666442871094,42.633331298828125,2497809
2024-12-06,41.40007781982422,42.040000915527344,42.733333587646484,41.959999084472656,42.733333587646484,6896104
2024-12-09,41.26220703125,41.900001525878906,42.166664123535156,41.70000076293945,42.040000915527344,8691000
2024-12-10,42.77219772338867,43.43333435058594,44.133331298828125,41.733333587646484,42.133331298828125,10949551
2024-12-11,42.92976379394531,43.59333419799805,43.82666778564453,42.87333297729492,43.80666732788086,7426366
2024-12-12,42.29950714111328,42.95333480834961,43.82666778564453,42.83333206176758,43.33333206176758,3409296
2024-12-13,41.9515495300293,42.599998474121094,43.106666564941406,42.14666748046875,43.060001373291016,3540330
2024-12-16,41.1440315246582,41.779998779296875,42.86666488647461,41.67333221435547,42.666664123535156,7270573
2024-12-17,40.94050979614258,41.573333740234375,41.99333190917969,41.33333206176758,41.86666488647461,8473390
2024-12-18,40.88142013549805,41.51333236694336,41.83333206176758,41.400001525878906,41.70000076293945,4154281
2024-12-19,40.70416259765625,41.33333206176758,41.5,40.733333587646484,40.79999923706055,2957577
2024-12-20,39.35173416137695,39.959999084472656,41.6533317565918,39.65999984741211,41.293331146240234,8629408
2024-12-23,38.72804641723633,39.32666778564453,40.15999984741211,39.086666107177734,39.87333297729492,9242643
2024-12-24,38.5179557800293,39.11333465576172,39.473331451416016,38.87333297729492,39.400001525878906,5569953
2024-12-26,38.17656326293945,38.766666412353516,39.599998474121094,38.666664123535156,39.33333206176758,4382046
2024-12-27,38.360389709472656,38.95333480834961,39.13999938964844,38.54666519165039,38.900001525878906,3026143
2024-12-30,38.04526138305664,38.633331298828125,39.11333465576172,38.43333435058594,38.96666717529297,6093342
2024-12-31,38.235652923583984,38.82666778564453,39.0,38.33333206176758,39.0,7038712
2025-01-01,38.69521713256836,39.293331146240234,39.5,38.606666564941406,38.93333435058594,5702311
2025-01-02,39.371429443359375,39.97999954223633,40.20000076293945,39.0,39.46666717529297,7221471
2025-01-03,39.04317092895508,39.64666748046875,40.15999984741211,39.279998779296875,40.0,20678548
2025-01-06,38.124046325683594,38.71333312988281,39.77333450317383,38.22666549682617,39.64666748046875,15903508
2025-01-07,37.94678497314453,38.53333282470703,38.85333251953125,38.0,38.71333312988281,51705133
2025-01-08,37.64478302001953,38.22666549682617,38.586666107177734,38.0,38.53333282470703,8829727
2025-01-09,37.64478302001953,38.22666549682617,38.926666259765625,37.900001525878906,38.266666412353516,7312557
2025-01-10,36.856964111328125,37.426666259765625,38.279998779296875,37.293331146240234,38.2599983215332,16190649
2025-01-13,36.239837646484375,36.79999923706055,37.426666259765625,36.133331298828125,37.33333206176758,15598468
2025-01-14,36.3251838684082,36.88666534423828,37.33333206176758,36.400001525878906,36.86666488647461,19701967
2025-01-15,36.55496597290039,37.119998931884766,37.59333419799805,36.599998474121094,36.97999954223633,21452193
2025-01-16,37.264007568359375,37.84000015258789,38.03333282470703,37.22666549682617,37.393333435058594,3661695
2025-01-17,37.113006591796875,37.68666458129883,38.106666564941406,37.400001525878906,37.84666442871094,3318237
2025-01-20,37.00139617919922,37.573333740234375,38.0,37.266666412353516,37.83333206176758,13400422
2025-01-21,36.843833923339844,37.413333892822266,38.2599983215332,37.20000076293945,37.70000076293945,2680195
2025-01-22,36.00349044799805,36.560001373291016,37.53333282470703,36.2066650390625,37.413333892822266,6012889
2025-01-23,36.797874450683594,37.36666488647461,37.573333740234375,36.33333206176758,36.473331451416016,4529733
2025-01-24,36.11509704589844,36.67333221435547,37.56666564941406,36.560001373291016,37.46666717529297,2773407
2025-01-27,35.937835693359375,36.49333190917969,36.666664123535156,35.33333206176758,36.666664123535156,7436635
2025-01-28,35.36009979248047,35.90666580200195,36.49333190917969,35.293331146240234,36.49333190917969,4593427
2025-01-29,35.56362533569336,36.11333465576172,36.599998474121094,35.666664123535156,35.90666580200195,3919128
2025-01-30,35.85248947143555,36.40666580200195,36.633331298828125,35.85333251953125,36.11333465576172,9377889
2025-01-31,36.85039520263672,37.41999816894531,37.54666519165039,36.35333251953125,36.40666580200195,3656416
2025-02-01,37.224613189697266,37.79999923706055,38.33333206176758,36.84666442871094,37.41999816894531,3662361
2025-02-03,37.113006591796875,37.68666458129883,37.9466667175293,36.5533332824707,37.79999923706055,4588015
2025-02-04,37.41500473022461,37.99333190917969,38.133331298828125,37.46666717529297,37.68666458129883,6294151
2025-02-05,37.08674240112305,37.65999984741211,38.14666748046875,37.46666717529297,38.06666564941406,7965715
2025-02-06,36.856964111328125,37.426666259765625,37.91999816894531,37.233333587646484,37.72666549682617,7862776
2025-02-07,36.436790466308594,37.0,37.5,36.50666427612305,36.67333221435547,21655558
2025-02-10,35.589881896972656,36.13999938964844,37.09333419799805,35.599998474121094,37.0,8007895
2025-02-11,34.01423645019531,34.540000915527344,36.15999984741211,34.20000076293945,36.13999938964844,22788640
2025-02-12,33.19358825683594,33.7066650390625,34.540000915527344,33.073333740234375,34.540000915527344,19061002
2025-02-13,33.731937408447266,34.253334045410156,34.50666427612305,33.7066650390625,33.79999923706055,23542494
2025-02-14,32.7405891418457,33.246665954589844,34.6533317565918,32.7066650390625,34.6533317565918,23639545
2025-02-17,32.31385040283203,32.813331604003906,33.43333435058594,31.833332061767578,33.2400016784668,12714295
2025-02-18,31.690162658691406,32.18000030517578,32.84000015258789,31.700000762939453,32.813331604003906,8972775
2025-02-19,32.556766510009766,33.060001373291016,33.33333206176758,31.8266658782959,32.18000030517578,7826226
2025-02-20,32.661808013916016,33.166664123535156,33.53333282470703,32.58000183105469,33.060001373291016,10143312
2025-02-21,32.23507308959961,32.733333587646484,33.766666412353516,32.633331298828125,33.166664123535156,8447092
2025-02-24,31.48664093017578,31.97333335876465,32.666664123535156,31.88666534423828,32.666664123535156,7007911
2025-02-25,31.29625129699707,31.780000686645508,32.03333282470703,31.333332061767578,31.739999771118164,11135247
2025-02-27,31.020511627197266,31.5,31.99333381652832,31.01333236694336,31.99333381652832,12169410
2025-02-28,30.856380462646484,31.333332061767578,31.626665115356445,30.719999313354492,31.0,11775295
2025-03-03,31.690162658691406,32.18000030517578,32.38666534423828,30.933332443237305,31.793333053588867,10876503
2025-03-04,31.880550384521484,32.37333297729492,32.53333282470703,31.146665573120117,32.099998474121094,8344897
2025-03-05,32.89159393310547,33.400001525878906,33.53333282470703,32.30666732788086,32.30666732788086,6865675
2025-03-06,33.521846771240234,34.040000915527344,34.20000076293945,33.61333465576172,33.83333206176758,5147974
2025-03-07,34.50006103515625,35.03333282470703,35.46666717529297,33.83333206176758,34.30666732788086,8213194
2025-03-10,34.6379280090332,35.17333221435547,35.599998474121094,34.27333450317383,35.266666412353516,11205292
2025-03-11,34.00110626220703,34.52666473388672,35.06666564941406,34.233333587646484,34.31999969482422,6131565
2025-03-12,33.285499572753906,33.79999923706055,34.86666488647461,33.400001525878906,34.67333221435547,9949681
2025-03-13,33.35115432739258,33.86666488647461,34.12666702270508,33.5533332824707,33.84000015258789,5852940
2025-03-17,33.47589111328125,33.99333190917969,34.253334045410156,33.67333221435547,34.060001373291016,4091815
2025-03-18,33.47589111328125,33.99333190917969,33.99333190917969,33.99333190917969,33.99333190917969,0
2025-03-19,34.67732238769531,35.21333312988281,35.926666259765625,34.27333450317383,34.666664123535156,7897728
2025-03-20,34.76266860961914,35.29999923706055,36.086666107177734,35.0,35.380001068115234,7701501
2025-03-21,35.5964469909668,36.14666748046875,36.32666778564453,34.959999084472656,35.36666488647461,8621977
2025-03-24,36.738792419433594,37.30666732788086,38.30666732788086,36.633331298828125,36.666664123535156,8875309
2025-03-25,35.90501403808594,36.459999084472656,37.753334045410156,36.20000076293945,37.540000915527344,8000542
2025-03-26,35.15658187866211,35.70000076293945,36.793331146240234,35.53333282470703,36.733333587646484,10468728
2025-03-27,34.795494079589844,35.33333206176758,36.0,34.86666488647461,35.633331298828125,12771166
2025-03-28,34.53701400756836,34.7400016784668,35.84666442871094,34.47999954223633,35.459999084472656,9522034
2025-04-01,33.834476470947266,34.03333282470703,34.79999923706055,33.7599983215332,34.65999984741211,4694580
2025-04-02,33.86098861694336,34.060001373291016,34.40666580200195,33.52666473388672,34.40666580200195,3344550
2025-04-03,34.38457489013672,34.586666107177734,34.766666412353516,33.599998474121094,33.599998474121094,3598558
2025-04-04,34.086326599121094,34.28666687011719,34.68666458129883,33.5,34.560001373291016,4674153
2025-04-07,33.304256439208984,33.5,33.733333587646484,31.333332061767578,31.520000457763672,8314596
2025-04-08,34.1062126159668,34.30666732788086,34.393333435058594,33.41999816894531,33.53333282470703,5126076
2025-04-09,33.98028564453125,34.18000030517578,34.380001068115234,33.666664123535156,34.380001068115234,2204160
2025-04-11,35.073856353759766,35.279998779296875,35.473331451416016,34.34666442871094,34.86666488647461,5217547
2025-04-15,35.16001510620117,35.36666488647461,36.2599983215332,34.64666748046875,35.939998626708984,8166063
2025-04-16,35.140132904052734,35.34666442871094,35.95333480834961,35.03333282470703,35.52666473388672,4079734
2025-04-17,34.9810676574707,35.18666458129883,35.7599983215332,34.96666717529297,35.34666442871094,3393579
2025-04-21,35.849300384521484,36.060001373291016,36.133331298828125,34.93333435058594,34.93333435058594,3405844
2025-04-22,36.80369186401367,37.02000045776367,37.19333267211914,35.813331604003906,36.29999923706055,5612343
2025-04-23,37.3007698059082,37.52000045776367,37.79999923706055,36.21333312988281,37.426666259765625,5423319
2025-04-24,37.280887603759766,37.5,37.85333251953125,37.086666107177734,37.52000045776367,3337806
2025-04-25,36.84346008300781,37.060001373291016,37.606666564941406,36.4466667175293,37.540000915527344,13416795
2025-04-28,37.062171936035156,37.279998779296875,37.43333435058594,36.33333206176758,36.33333206176758,4903840
2025-04-29,36.757293701171875,36.973331451416016,37.666664123535156,36.79999923706055,37.52666473388672,3383308
2025-04-30,36.95612716674805,37.17333221435547,37.400001525878906,36.36666488647461,36.400001525878906,8270767
2025-05-02,37.307395935058594,37.52666473388672,37.93333435058594,36.893333435058594,37.17333221435547,4959943
2025-05-05,37.685176849365234,37.90666580200195,38.099998474121094,37.20000076293945,37.33333206176758,3890437
2025-05-06,37.201351165771484,37.41999816894531,38.29999923706055,37.279998779296875,37.86666488647461,4649758
2025-05-07,37.85749816894531,38.08000183105469,38.19333267211914,36.599998474121094,36.666664123535156,4796176
2025-05-08,37.29413986206055,37.51333236694336,38.51333236694336,37.33333206176758,38.2599983215332,5905399
2025-05-09,37.76470947265625,37.98666763305664,38.473331451416016,36.01333236694336,36.01333236694336,8459503
2025-05-12,38.175628662109375,38.400001525878906,39.793331146240234,37.88666534423828,39.793331146240234,10554771
2025-05-13,37.60564422607422,37.82666778564453,38.46666717529297,37.59333419799805,38.400001525878906,12863976
2025-05-14,37.678550720214844,37.900001525878906,38.49333190917969,37.7066650390625,37.86000061035156,4183554
2025-05-15,37.71831512451172,37.939998626708984,38.22666549682617,37.7066650390625,38.086666107177734,9567639
2025-05-16,38.46061706542969,38.68666458129883,38.83333206176758,37.7066650390625,38.06666564941406,3815734
2025-05-19,38.04970169067383,38.27333450317383,39.0533332824707,38.099998474121094,38.87333297729492,4873554
2025-05-20,37.43332290649414,37.6533317565918,38.4466667175293,37.45333480834961,38.27333450317383,6745920
2025-05-21,37.43332290649414,37.6533317565918,37.813331604003906,37.12666702270508,37.52000045776367,12275128
2025-05-22,37.94365310668945,38.166664123535156,38.413333892822266,37.53333282470703,37.793331146240234,3145561
2025-05-23,38.473873138427734,38.70000076293945,39.03333282470703,37.86666488647461,37.86666488647461,7063318
2025-05-26,39.11013412475586,39.34000015258789,39.52000045776367,38.7066650390625,38.79999923706055,4872780
2025-05-27,39.33547592163086,39.56666564941406,39.83333206176758,38.96666717529297,39.6533317565918,3901680
2025-05-28,39.0173454284668,39.246665954589844,39.80666732788086,39.15999984741211,39.79999923706055,3589119
2025-05-29,38.924556732177734,39.1533317565918,39.78666687011719,38.90666580200195,39.606666564941406,4467735
2025-05-30,38.361202239990234,38.586666107177734,39.7599983215332,38.29999923706055,39.50666427612305,11595567
2025-06-02,38.57328796386719,38.79999923706055,38.9466667175293,38.22666549682617,38.59333419799805,2607399
2025-06-03,38.77212142944336,39.0,39.33333206176758,38.13999938964844,38.9466667175293,3558459
2025-06-04,38.91130447387695,39.13999938964844,39.29999923706055,38.36666488647461,38.91999816894531,4598169
2025-06-05,39.368614196777344,39.599998474121094,39.82666778564453,39.20000076293945,39.36666488647461,4620559
2025-06-06,40.10429000854492,40.34000015258789,40.45333480834961,39.33333206176758,39.666664123535156,5032513
2025-06-09,41.19123840332031,41.43333435058594,41.619998931884766,40.666664123535156,41.619998931884766,8493643
2025-06-10,41.403324127197266,41.64666748046875,41.893333435058594,41.166664123535156,41.893333435058594,4929700
2025-06-11,41.363555908203125,41.606666564941406,41.793331146240234,41.20000076293945,41.666664123535156,7908010
2025-06-12,40.767059326171875,41.00666427612305,41.893333435058594,40.61333465576172,41.34000015258789,4540359
2025-06-13,40.62788009643555,40.86666488647461,41.06666564941406,39.81999969482422,40.0,6436537
2025-06-16,40.74055099487305,40.97999954223633,41.099998474121094,40.37333297729492,40.666664123535156,5946109
2025-06-17,40.47544479370117,40.71333312988281,41.14666748046875,40.540000915527344,40.97999954223633,5451481
2025-06-18,40.05126953125,40.28666687011719,40.880001068115234,40.08000183105469,40.70000076293945,5303215
2025-06-19,39.22943115234375,39.459999084472656,40.48666763305664,39.34666442871094,40.279998779296875,5836081
2025-06-20,39.70000076293945,39.93333435058594,40.11333465576172,38.666664123535156,39.33333206176758,5229016
2025-06-23,39.279998779296875,39.279998779296875,39.82666778564453,38.95333480834961,39.33333206176758,8525422
2025-06-24,39.439998626708984,39.439998626708984,39.746665954589844,39.2400016784668,39.52666473388672,4411104
2025-06-25,39.84000015258789,39.84000015258789,39.98666763305664,39.266666412353516,39.439998626708984,4647802
2025-06-26,40.08000183105469,40.08000183105469,40.31999969482422,39.90666580200195,40.1533317565918,2093131
2025-06-27,40.060001373291016,40.060001373291016,40.51333236694336,40.0,40.32666778564453,4295418
2025-06-30,39.813331604003906,39.813331604003906,40.37333297729492,39.666664123535156,40.37333297729492,3067630
2025-07-01,39.71333312988281,39.71333312988281,39.98666763305664,39.45333480834961,39.81999969482422,3427674
2025-07-02,39.633331298828125,39.633331298828125,39.753334045410156,39.34666442871094,39.666664123535156,3422376
2025-07-03,40.253334045410156,40.253334045410156,41.166664123535156,39.666664123535156,39.793331146240234,12442705
2025-07-04,40.21333312988281,40.21333312988281,40.666664123535156,40.0533332824707,40.459999084472656,7410540
2025-07-07,41.37333297729492,41.37333297729492,41.666664123535156,39.88666534423828,40.21333312988281,17863606
2025-07-08,43.06666564941406,43.06666564941406,43.65999984741211,41.58000183105469,41.666664123535156,37634521
2025-07-09,43.20000076293945,43.20000076293945,43.913333892822266,43.09333419799805,43.2599983215332,13636105
2025-07-10,42.98666763305664,42.98666763305664,43.973331451416016,42.82666778564453,43.40666580200195,14268204
2025-07-11,42.27333450317383,42.27333450317383,43.49333190917969,41.93333435058594,43.20000076293945,9035430
2025-07-14,42.253334045410156,42.253334045410156,42.9466667175293,42.133331298828125,42.56666564941406,7480426
2025-07-15,43.1533317565918,43.1533317565918,43.666664123535156,42.413333892822266,42.413333892822266,15220714
2025-07-16,43.0,43.0,43.793331146240234,42.900001525878906,43.4466667175293,6534666
2025-07-17,42.97999954223633,42.97999954223633,43.49333190917969,42.65999984741211,43.33333206176758,4817595
2025-07-18,43.52000045776367,43.52000045776367,44.779998779296875,43.099998474121094,43.70000076293945,16342618
2025-07-21,43.810001373291016,43.810001373291016,44.04999923706055,43.0,43.52000045776367,3306172
2025-07-22,42.84000015258789,42.84000015258789,43.83000183105469,42.790000915527344,43.810001373291016,4428048
2025-07-23,41.56999969482422,41.56999969482422,43.08000183105469,41.45000076293945,42.84000015258789,7354994
2025-07-24,41.400001525878906,41.400001525878906,42.599998474121094,41.349998474121094,41.79999923706055,5491203
2025-07-25,40.4900016784668,40.4900016784668,41.560001373291016,40.349998474121094,41.41999816894531,5046157
2025-07-28,40.0099983215332,40.0099983215332,40.970001220703125,39.31999969482422,40.29999923706055,4509405
2025-07-29,38.97999954223633,38.97999954223633,40.40999984741211,38.689998626708984,39.900001525878906,10984590
2025-07-30,37.77000045776367,37.77000045776367,39.2599983215332,37.5,39.189998626708984,6995863
2025-07-31,37.099998474121094,37.099998474121094,37.70000076293945,36.65999984741211,37.099998474121094,4625910
2025-08-01,37.52000045776367,37.52000045776367,38.599998474121094,37.060001373291016,37.38999938964844,7643620
2025-08-04,38.2400016784668,38.2400016784668,38.369998931884766,37.36000061035156,37.869998931884766,4742827
2025-08-05,39.349998474121094,39.349998474121094,39.77000045776367,38.099998474121094,38.470001220703125,8399126
2025-08-06,38.72999954223633,38.72999954223633,39.9900016784668,38.11000061035156,39.349998474121094,5735903
2025-08-07,38.279998779296875,38.279998779296875,38.7400016784668,37.810001373291016,38.5,4276994
2025-08-08,39.09000015258789,39.09000015258789,39.41999816894531,37.90999984741211,38.459999084472656,3038655
2025-08-11,38.279998779296875,38.279998779296875,39.27000045776367,38.150001525878906,39.16999816894531,2762424
2025-08-12,37.86000061035156,37.86000061035156,38.47999954223633,37.79999923706055,38.279998779296875,2662088
2025-08-13,37.65999984741211,37.65999984741211,38.18000030517578,37.599998474121094,38.09000015258789,3138737
2025-08-14,37.790000915527344,37.790000915527344,37.95000076293945,37.119998931884766,37.84000015258789,6652014
2025-08-18,39.459999084472656,39.459999084472656,39.84000015258789,38.029998779296875,38.209999084472656,7364184
2025-08-19,41.88999938964844,41.88999938964844,43.400001525878906,39.060001373291016,39.599998474121094,43359719
2025-08-20,42.880001068115234,42.880001068115234,43.13999938964844,41.65999984741211,42.220001220703125,12383384
2025-08-21,42.72999954223633,42.72999954223633,43.209999084472656,42.15999984741211,43.099998474121094,4725006
2025-08-22,41.7599983215332,41.7599983215332,42.720001220703125,41.45000076293945,42.650001525878906,3949910
2025-08-25,42.029998779296875,42.029998779296875,42.25,41.650001525878906,41.7599983215332,13196114
2025-08-26,41.61000061035156,41.61000061035156,42.380001068115234,41.209999084472656,41.900001525878906,6291415
2025-08-28,41.41999816894531,41.41999816894531,41.77000045776367,40.81999969482422,41.5099983215332,2901358
2025-08-29,41.560001373291016,41.560001373291016,41.70000076293945,40.66999816894531,41.650001525878906,4748362
2025-09-01,41.97999954223633,41.97999954223633,42.130001068115234,41.61000061035156,41.790000915527344,3052525
2025-09-02,43.0,43.0,43.119998931884766,41.77000045776367,42.27000045776367,9333707
2025-09-03,42.869998931884766,42.869998931884766,43.36000061035156,42.34000015258789,43.0,5373986
2025-09-04,44.150001525878906,44.150001525878906,44.79999923706055,43.0,43.43000030517578,18369843
2025-09-05,45.16999816894531,45.16999816894531,45.47999954223633,43.86000061035156,44.43000030517578,19433639
2025-09-08,47.2599983215332,47.2599983215332,48.0,45.5,45.779998779296875,32144810
2025-09-09,49.5,49.5,50.540000915527344,46.43000030517578,47.849998474121094,26673717
2025-09-10,48.90999984741211,48.90999984741211,49.5,47.630001068115234,49.5,19719593
2025-09-11,49.5,49.5,49.689998626708984,47.84000015258789,48.5,13353550
2025-09-12,50.09000015258789,50.09000015258789,50.4900016784668,48.52000045776367,49.790000915527344,22518739
2025-09-15,48.81999969482422,48.81999969482422,50.349998474121094,48.36000061035156,50.34000015258789,9262971
2025-09-16,49.349998474121094,49.349998474121094,50.0,48.65999984741211,49.0,11695692
2025-09-17,48.599998474121094,48.599998474121094,49.79999923706055,48.45000076293945,49.66999816894531,6639585
2025-09-18,48.47999954223633,48.47999954223633,49.5,47.22999954223633,48.84000015258789,7377554
2025-09-19,48.459999084472656,48.459999084472656,49.0,47.86000061035156,49.0,6797063
2025-09-22,47.58000183105469,47.58000183105469,48.400001525878906,47.5,48.0099983215332,4752090
2025-09-23,48.0099983215332,48.0099983215332,48.52000045776367,47.41999816894531,47.880001068115234,9956959
2025-09-24,47.16999816894531,47.16999816894531,49.5,46.93000030517578,47.9900016784668,9392109
2025-09-25,46.709999084472656,46.709999084472656,47.77000045776367,46.47999954223633,47.099998474121094,3873266
2025-09-26,46.849998474121094,46.849998474121094,47.27000045776367,46.150001525878906,46.709999084472656,6343229
2025-09-29,46.439998626708984,46.439998626708984,47.470001220703125,45.709999084472656,47.25,26693107
2025-09-30,45.709999084472656,45.709999084472656,46.84000015258789,45.52000045776367,46.439998626708984,4134996
2025-10-01,45.84000015258789,45.84000015258789,46.0,45.36000061035156,45.709999084472656,2531716
2025-10-03,45.7400016784668,45.7400016784668,46.130001068115234,45.20000076293945,45.849998474121094,3044672
2025-10-06,45.439998626708984,45.439998626708984,46.099998474121094,45.209999084472656,46.0,3584571
2025-10-07,46.380001068115234,46.380001068115234,46.7599983215332,45.36000061035156,45.54999923706055,4824774
2025-10-08,45.7400016784668,45.7400016784668,46.75,45.54999923706055,46.380001068115234,2788840
2025-10-09,45.060001373291016,45.060001373291016,45.880001068115234,44.95000076293945,45.7400016784668,2828677
2025-10-10,44.459999084472656,44.459999084472656,45.869998931884766,44.369998931884766,45.0099983215332,3753770
2025-10-13,45.040000915527344,45.040000915527344,45.16999816894531,43.95000076293945,44.0,3562805
2025-10-14,44.04999923706055,44.04999923706055,45.52000045776367,44.0,45.040000915527344,2044134
2025-10-15,46.40999984741211,46.40999984741211,47.5,44.08000183105469,44.38999938964844,6845180
2025-10-16,46.2599983215332,46.2599983215332,46.599998474121094,45.75,46.5,3497055
2025-10-17,45.88999938964844,45.88999938964844,46.66999816894531,45.720001220703125,46.29999923706055,2143216
2025-10-20,46.45000076293945,46.45000076293945,46.63999938964844,45.720001220703125,46.0,2352682
2025-10-21,46.560001373291016,46.560001373291016,47.20000076293945,46.25,46.88999938964844,702915
2025-10-23,47.66999816894531,47.66999816894531,48.20000076293945,46.4900016784668,46.79999923706055,6585615
